ENTRY	SIGNALP	FRAGMENTS
A0A088MIT0	MAFLKKSLFLVLFLGVVSLSFC, 22	[('EEEKREEHEEEKRDEEDAESLGKR', 23, 46), ('YGGLSPLRISKR', 47, 58), ('VPPGFTPFRSPAR', 59, 71), ('SISGLTPIRLSKR', 72, 84), ('VPPGFTPFRSPARR', 85, 98), ('ISEADPGFTPSFVVIKGLSPLRGKRR', 99, 124), ('PPGFSPFRVD', 125, 134)]
A0A2L2DDD0	MAFLKKSLFLVLFLGIVSLSVC, 22	[('EEEKREGEEKEEKREEEEGKEENEDGNEEHKEKR', 23, 56), ('FLGAILKIGHALAKTVLPMVTNAFKPKQ', 57, 84)]
A0A2L2DDE6	MAFLKKSLFLVLFLGLVSLSIG, 22	[('EEEKREEEEKNEEGANQEENAENKEKR', 23, 49), ('FIGTLIPLALGALTKLFK', 50, 67), ('G', 68, 68)]
B5LUQ7	MASLKKSLFLVLFLGLVSLSIC, 22	[('EEKKRENEDDAEDENHEEESEEKR', 23, 46), ('GLLDFAKHVIGIASKLGKR', 47, 65), ('SEEKR', 66, 70), ('YHPFGKR', 71, 77), ('SEEKR', 78, 82), ('YFPIPFGKR', 83, 91), ('SEEKR', 92, 96), ('YFPIPIGKR', 97, 105), ('SEEKR', 106, 110), ('YFPIPIGKK', 111, 119), ('KKKK', 120, 123)]
B5LUQ8	MASLKKSLFLVLFLGFVSLSIC, 22	[('EEEKRENEGNENEEEDENHEEGSEEKR', 23, 49), ('GLLDLAKHVIGIASKLGKR', 50, 68), ('SEEKR', 69, 73), ('YHPFGKR', 74, 80), ('SEEKR', 81, 85), ('YHPFGKR', 86, 92), ('SEEKR', 93, 97), ('YPPIGK', 98, 103)]
B5LUQ9	MASLKKSFFLVLFLGLVSLSMC, 22	[('EEKKRENEDDAEDGNHEEESEEKR', 23, 46), ('GLVDFAKHVIGIASKLGKR', 47, 65), ('SEEKR', 66, 70), ('YHPFGKR', 71, 77), ('SEEKR', 78, 82), ('YFPIPFGKR', 83, 91), ('SEEKR', 92, 96), ('YFPIPIGKR', 97, 105), ('SEEKR', 106, 110), ('YFPIPIGKR', 111, 119), ('SEEKR', 120, 124), ('YFPIPIGK', 125, 132)]
B5LUR0	MASLKKSLFLVLFLGLLSLSIC, 22	[('EEQKRENEEDAEDENHEEESEEKR', 23, 46), ('GLLDFAKHVIGIASKLGKR', 47, 65), ('SEEKR', 66, 70), ('FWPFMGKR', 71, 78), ('SEEKR', 79, 83), ('FWPFMGKR', 84, 91), ('SEEKR', 92, 96), ('FFRVLAKLGKLAK', 97, 109)]
B5LUR1	MASLKKSLFLVLFLGLVSLSIC, 22	[('EEEKRENEEDAEDENHEEESEEKR', 23, 46), ('GLLDFAKHVIGIASKLGKR', 47, 65), ('SEEKR', 66, 70), ('FWPFMGKR', 71, 78), ('SEEKR', 79, 83), ('FWPFMGKR', 84, 91), ('SEE', 92, 94)]
D4YWD1	FLGTINLSLC, 12	[('EEERDADEEERRDEPDESNVEVKKR', 11, 35), ('FFFLSRIFGK', 36, 45)]
L0L3V3	MAFLKKSLFLVLFLGLVSLSMG, 22	[('EREKREEEEEEEEENKEEEANEEGKGESEEKR', 23, 54), ('GLVGTLLGHIGKAILGG', 55, 71)]
L0PIN3	MSFLKKSLFLVLFLGFVSFSIC, 22	[('EEEKREDEEEENEREENKESEEKRNQEER', 23, 51), ('PPGFTPFRVD', 52, 61)]
L0PJV8	MSFLKKSLFLVLFLGLVSFSIC, 22	[('EEEKRETEEEENEDEMDKESEEKRESPER', 23, 51), ('PPGFTPFRVD', 52, 61)]
P31107	MAFLKKSLFLVLFLGLVSLSIC, 22	[('EEEKRENEDEEEQEDDEQSEMKR', 23, 45), ('GLWSKIKEVGKEAAKAAAKAAGKAALGAVSEAVGEQ', 46, 81)]
P69019	MAFLKKSLFLVLFLGLVSLSIC, 22	[('EKEKRQNEEDEDENEAANHEEGSEEKR', 23, 49), ('GLFDIVKKVVGAFGSLGKR', 50, 68), ('NDLE', 69, 72)]
P79874	MFTLKKSLLLLFFLGTINLSLC, 22	[('EEERNAEEERRDEPDERDVQVEKR', 23, 46), ('LLPIVGNLLKSLLGK', 47, 61)]
P83080	MNFKYIVAVSFLLASAYA, 18	[('RSEENDEQSLSQRDVLEEESLREIR', 19, 43), ('GIGTKILGGVKTALKGALKELASTYANGKR', 44, 73), ('TAEEHEVMKRLEAVMRDLDSLDYPEEAAERETRSFNQEEIANLFTKKEKR', 74, 123), ('ILGPVISTIGGVLGGLLKNL', 124, 143)]
P83082	MNFKYIVAVSFLIASAYA, 18	[('RSVQNDEQSLSQRDVLEEESLREIR', 19, 43), ('GIGGKILSGLKTALKGAAKELASTYLHRRR', 44, 73), ('TAEEHEVMKRLEAVMRDLDSLDYPEEASERETRGFNQDEIANLFTKKEKR', 74, 123), ('ILGPVLSMVGSALGGLIKKI', 124, 143)]
Q571V3	MAFLKKSLFLVLFLGLVNLSIC, 22	[('EEEKREEENKEEEDENEALSEVKR', 23, 46), ('GFLEKLKTGAKDFASAFVNSIK', 47, 68), ('GFLEKLKTGAKDFASAFVNSIKGT', 47, 70)]
A0A1M4BLT1	MAFLKKSLFLVFFLGFVSLSIC, 22	[('EEEKRETDEKENEQEDDREERSEEKR', 23, 48), ('LLGMIPVAITAISALSKL', 49, 66)]
A0A219CM62	MNFKYIIAVSFLIASTYA, 18	[('RSVKNDEQSLSQRDVLDEESLREIR', 19, 43), ('GIGGALLSAGKSALKGLAKGLAEHFANGKR', 44, 73), ('TAEEHEVMKRLEAVMRDLDSLDHPEEASEKETRGFNQEEIANLFTKKEKR', 74, 123), ('IIGPVLGLIGKALGGLL', 124, 140)]
A0A219CMY0	MNFKYIIAVSFLIASAYA, 18	[('RSEEYDIQSLSQRDVLEEESLRKIR', 19, 43), ('GIGSAILSAGKSIIKGLAKGLAEHFGKR', 44, 71), ('TAEDHEVMKRLEAAMRDLDSLDYPEEASERETRGFNQEEKEKR', 72, 114), ('IIGPVLGLVGKALGGLL', 115, 131)]
A0A2U8JCR5	MDILKKSLFLILFLGVVSLSIC, 22	[('EEEKRENEEEMEQDDEQSEMKR', 23, 44), ('ALWKEVLKNAGKAALNEINNLVQGGQ', 45, 70)]
A0A5P9K461	MAFLKKSLFLVLFLGLVSLSIC, 22	[('EEKERETKEEENEQEDDNREEKR', 23, 45), ('FLSLIPHVISAIPHVVNALSNL', 46, 67)]
A0A5P9K470	MAFLKKSLFLVLFLGLVSLSIC, 22	[('EEEKRENEDEEEQEDEEQSEEKR', 23, 45), ('ASWKVFLKNIGKAAGKAVLNSVTDMVNQGEQ', 46, 76)]
A0A5P9NYS6	MAFLKKSLFLVLFLGLVSLSIC, 22	[('EEEKRENEMEQEDDEQSEMKR', 23, 43), ('GLWSKIKDAAKTAGKAALGFVNEMVGEQ', 44, 71)]
A0AEI5	MFTMKKSLLLLFFLGTVSLSLC, 22	[('EQERGADEDDGGEMTEELKR', 23, 42), ('GVITDALKGAAKTVAAELLRKAHCKLTNSC', 43, 72)]
A0AEI6	MFTMKKSLLLLFFLGMISLSLC, 22	[('EQERGADEDEGEVEEQIKR', 23, 41), ('SIWEGIKNAGKGFLVSILDKVRCKVAGGCNP', 42, 72)]
A8DY01	MFTLKKTLLLLFFLGTIS, 18	[('ISLCKQERDADEDDGRKMTEEEVKR', 19, 43), ('SIITMTKEAKLPQLWKQIACRLYNTC', 44, 69)]
B3KYH4	FLGTINLSLC, 10	[('EQERDADEEERRDEPNESNVEVEKR', 11, 35), ('FLSGIVGMLGKLFGK', 36, 50)]
B3KYH6	FLGTINLSLC, 10	[('EQERDADEEERRDEPDGSNVEVEKR', 11, 35), ('FLSHIAGFLSNLFGK', 36, 50)]
B3VZU0	MFTLKKSLLLIFFLGTINLSLC, 22	[('EEERNADEEERRDDLEERDVEVEKR', 23, 47), ('LLSLALAALPKLFCLIFKKC', 48, 67)]
B5LUQ3	MASLKKSLFLVLFLGLVSLSIC, 22	[('EKEKRENEGNENEEEEENHEEGSEEKR', 23, 49), ('GLLDLAKHVIGIASKLGKR', 50, 68), ('SEEKR', 69, 73), ('GLLDFAKHVIGIASKLGK', 74, 91)]
B5LUQ4	MASLKKSLFLVLFLGMVSLSIC, 22	[('DKEKREGENEEEEEEHEEESEEKR', 23, 46), ('GLLSFLPKVIGVIGHLIHPPS', 47, 67)]
B6HY15	MAFLKKSLLLVLFLGLVSLSIC, 22	[('EEEKRENEDEEEQEDDEQSEMKR', 23, 45), ('GMWSKIKEAGKAAAKAAAKAAGKAALDVVSGAIGEQ', 46, 81)]
B6HY16	MAFLNKSLLLVLFLGLVSLSIC, 22	[('EEERRENEDEEEQEDDEQSEMRR', 23, 45), ('SLLSTLGNMAKAAGRAALNAITGLVNQGEQ', 46, 75)]
C3RT17	MFTMKKSLLFLFFLGTINLSLC, 22	[('EEERNAEEEKRDGDDEMDVEVQKR', 23, 46), ('FIGPVLKMATSILPTAICKGFKKC', 47, 70)]
C3RT18	MFTMKKSLLLIFFLGTINLSLC, 22	[('EEERNAEEEKRDGDDEMDVEVQKR', 23, 46), ('FLGPIIKMATGILPTAICKGLKKC', 47, 70)]
C3RT22	MFTMKKSLLLLFFLGAINLPLC, 22	[('QEERNAEEERRDGDDEGSVEVQKR', 23, 46), ('FFPLLFGALSSMMPKLFGK', 47, 65)]
C3RT23	MFTMKKSLLFLFFLGTISLSFC, 22	[('EEERSADEDDEGEMTEEEKR', 23, 42), ('SIRDKIKTMAIDLAKSAGTGVLKTLICKLDKSC', 43, 75)]
C3RT24	MFTMKKSLLFLFFLGTISLSFCEG, 22	[('ERSADEDDEGEMTEEEKR', 25, 42), ('SIRDKGKTIAIDLAKSAGTGVLKTLMCKLDKSC', 43, 75)]
C5H0D4	MFTLKKSMLLLFFLGTISLSLC, 22	[('EEERNADEDDGEKEVKR', 23, 39), ('GIFALIKTAAKFVGKNLLKQAGKAGLEHLACKANNQC', 40, 76)]
C5H0D6	MFTMKKSLLLLFFLGTIHLSLC, 22	[('EQERNAEEERRDDLGERQAEVEKR', 23, 46), ('FLPIAGKLLSGLSGLLGK', 47, 64)]
C5H0D7	MFTLKKSLLLLFFLGTINLSLC, 22	[('EQERNAEEERRDEPDERNAEVEKR', 23, 48), ('FFPIVGKLLFGLSGLLGK', 49, 64)]
C5H0D8	MFTLKKSLLLLFFLGTINLSLC, 22	[('EQERNAEEERRDEPDERNAEVEKR', 23, 46), ('FFPIVGKLLSGLSGLLGK', 47, 64)]
C5J8E3	MDILKKSLFLILFLGLVSISFCDG, 22	[('EKRQDDDEANESEEKKEIHEVEKR', 25, 48), ('LRPAILVRTK', 49, 58), ('GKGK', 59, 62)]
D4YWD0	FLGTINLSLC, 10	[('EQERDADEEKRDEPDESDVEVEKR', 11, 34), ('FLPAALAGIGGILGKLFGK', 35, 53)]
E4Z7G0	MLTLKKSMLLLFFLGMVSFSLA, 22	[('DDKREDEAEEGEDKRADEGEEKRAAEKKR', 23, 51), ('FLEGLLNTVTGLL', 52, 64)]
E6ZBE2	MLTLKKSMLLLFFLGMVSLSLA, 22	[('NSKRADEEGEDKRADEEGEDKRADEEGEDKRADEEGEEKRKR', 23, 64), ('FLGGILNTITGLL', 65, 77)]
E7EKC4	MFTSKKPLLLLFFLGTINLSLC, 22	[('EQERDADEEERRDDPDERDVEVEKR', 23, 47), ('FLPLIASLAANFVPKIFCKITKKC', 48, 71)]
E7EKD0	MFTLKKSLLLLLFLGTINLSLS, 22	[('EQERNAEEERRDDPEEMDAEVEKR', 23, 46), ('AILTTLANWARKFLGK', 47, 62)]
E7EKD4	MFTLKKSLLLLLFLGTINLSLS, 22	[('EQERDAKEERRDEMDVEVEKR', 23, 43), ('NILNTIINLAKKILGK', 44, 59)]
F1T149	MFTLKKPLLLIVLLGIISLSLC, 22	[('EQERAADEDEGSEIKR', 23, 38), ('GIFSKFAGKGIKNLLVKGVKNIGKEVGMDVIRTGIDIAGCKIKGEC', 39, 84)]
F1T150	MFTLKKPLLLIVLLGIISLSLC, 22	[('EQERAADEDEGTKIKRR', 23, 39), ('IFSKIGGKAIKNLILKGIKNIGKEVGMDVIRTGIDVAGCKIKGEC', 40, 84)]
F1T151	MFTLKKSLLLLFFLGTISLSVC, 22	[('KQERDADYEDKGEVEEVKR', 23, 41), ('GIFSLIKGAAKLITKTVAKEAGKTGLELMACKVTNQC', 42, 78)]
F1T152	MFTLKKSLLLLFFLGTISLSLC, 22	[('EQERSAEDEGEVIEEEVKR', 23, 41), ('GFMDTAKNVAKNVAVTLLDKLKCKITGGC', 42, 70)]
F1T156	MFTLKKSMLLLFFLGTINLSLC, 22	[('QEERDAEEERRDEDNAKMEEIKR', 23, 45), ('GIFSTVFKAGKGIVCGLTGLC', 46, 66)]
F1T157	MFTLKKSMLLLFFLGTINLSLC, 22	[('QEERDAEEERRDEDNAKMEEIKR', 23, 45), ('GILGTVFKAGKGIVCGLTGLC', 46, 66)]
F7UI84	MAFLKKSLFLVLFLGLVSLSIC, 22	[('EEEKRETEEEEHDQEEDDKSEEKR', 23, 46), ('FLSLIPHIVSGVASIAKHF', 47, 65)]
F7UI85	MAFLKKSLFLVLFLGLVSLSIC, 22	[('EEEKRETEEEEHDQEEDDKSEEKR', 23, 46), ('FLSLIPHIVSGVASLAKHF', 47, 65)]
F7UI87	MAFLKKSLFLVLFLGLVSLSIC, 22	[('EEEKRETEEEEHDQEEDDKSEEKR', 23, 46), ('FLSMIPHIVSGVAALAKHL', 47, 65)]
F7UI88	MSFLKKSLFLVLFLGFVSLSIC, 22	[('EEEKRETEEKENEQEDDREERSEEKR', 23, 48), ('LLGMIPVAISAISALSKL', 49, 66)]
G0LWV9	MMKKSMLLLFFLGMVSFSLA, 22	[('DDKREDEGEEKRADEGEEKRAAEEKR', 21, 46), ('FIKELLPHLSGIIDSVANAIK', 47, 67), ('G', 68, 68)]
G3ETQ2	MFTLKKPLLLLFFLGTVSLSLC, 22	[('EQERAADDDEGEVIEEEVKR', 23, 42), ('DSMGAVKLAKLLIDKMKCEVTKAC', 43, 66)]
G3ETQ3	MFTLKKPLLVLLFLGTVSLSLC, 22	[('EQERAADDDEGEVIEEEVKR', 23, 42), ('GFMDTAKNVAKNVAVTLIDKLRCKVTGGC', 43, 71)]
L0P323	MLSLKKSMLLLFFLGMVSFSLA, 22	[('NKRSDGKRADEEGEDKRADEEGEDKRADEEGEDKR', 23, 57), ('FLPFLIPALTSLISSL', 60, 75)]
L0P329	MDFLKKSLFLVVFLGLVSLSVC, 22	[('EEEKRESEEEKNEQEEDDREERSEEKR', 23, 49), ('LLGMIPLAISAISALSKL', 50, 67)]
L0P3K3	MAFLKKSLFLVLFLGLVSLSVC, 22	[('EEEKRENEEEKNEQEEDDREERNEEK', 23, 48), ('LLGMIPLAISAISSLSKL', 50, 67)]
L0P402	MDFLKKSLFLVLFLGFFSLSIC, 22	[('EEEKRETEEKENEQEDDREERREEKR', 23, 48), ('LLGMIPVAISAISALSKL', 49, 66)]
M9P2C1	MKILVAFAVIMLVSAQVLA, 19	[('AEIGLNDEPEWYSDQIQEDLPVFENFLQRIAR', 20, 51), ('KPSPDRFYGLMGKR', 52, 65), ('NNGFGQMSRKRSAERNTIHNYERRRK', 66, 91)]
O93454	MAFLKKSLFLVLFLALVPLSIC, 22	[('EAEKREEENEEKQEDDDESEKKR', 23, 45), ('GVVTDLLNTAGGLLGNLVGSLSGGER', 46, 71), ('ER', 70, 71)]
P01357	MFKGILLCVLFAVLSANPLSQPEGFA, 26	[('DEERDVRGLASLLGKALKATLKIGTHFLGGAPQQREANDERR', 27, 68), ('FADGQQDYTGWMDFGRR', 69, 85), ('DGQQDYTGWMDFGRR', 86, 100), ('DDEDDVHERDVRGFGSFLGKALKAALKIGANALGGAPQQREANDERR', 101, 147), ('FADGQQDYTGWMDFGRR', 148, 164), ('DDEDDVNERDVRGFGSFLGKALKAALKIGANALGGSPQQREANDERR', 165, 211), ('FADGQQDYTGWMDFGRR', 212, 228), ('NGEDD', 229, 233)]
P05224	MFKGILLCVLFAVLSANPLSQPEGFA, 26	[('DEERDVRGLASLLGKALKAGLKIGTHFLGGAPQQREANDERR', 27, 68), ('FADGQQDYTGWMDFGRR', 69, 85), ('DGQQDYTGWMDFGRR', 86, 100), ('DDEDDVNERDVRGFGSFLGKALKAALKIGANALGGAPQQREANDERR', 101, 147), ('FADGQQDYTGWMDFGRR', 148, 164), ('NGEDD', 165, 169)]
P05226	MFKGILLCVLFAVLSANPLSQPEGFA, 26	[('DEEERDVRGLASLLGKALKAALKIGANALGGSPQQREANDERR', 27, 69), ('FADGQQDYTGWMDFGRR', 70, 86), ('DDEDDVNERDVRGFGSFLGKALKAGLKIGTHFLGGAPQQREANDERR', 87, 133), ('FADGQQDYTGWMDFGRR', 134, 150), ('DGQQDYTGWMDFGRR', 151, 165), ('DDEDDVHERDVRGFGSFLGKALKAALKIGANALGGSPQQREANDERR', 166, 212), ('FADGQQDYTGWMDFGRR', 213, 229), ('NGEDD', 230, 234)]
P05421	MSFLKKSLLLILFLGLVSLS, 20	[('VCKEEKRVSEEENENEENHEEGSEMKR', 21, 47), ('YAFGYPSIKR', 48, 57), ('ESEEEKEIEENHEEGSEMKR', 58, 82), ('YAFGYPSEAKKIKR', 83, 96), ('ESEEENENEENHEEGSEMKR', 97, 117), ('YAFGYPSEAKKIKR', 118, 131), ('ESEEEKEIEENHEEGSEMKR', 126, 152), ('YAFGYPSEAKKIKR', 153, 159), ('ESEEENENEENHEEGSEMKR', 160, 187), ('YAFGYPSGEAK', 188, 198)]
P05422	MSFLKKSLLLILFLGLVSLS, 20	[('VCKEEKRETEEENENEENHEEGSEMKR', 21, 47), ('YMFHLMDEAKKR', 48, 59), ('DSEENEIEENHEEGSEMKR', 60, 79), ('YAFGYPSEAKKIKR', 80, 93), ('VSEEENENEENHEEGSEMKR', 94, 114), ('YAFGYPSEAKKIKR', 115, 128), ('ESEEEKEIEENHEEGSEMKR', 129, 149), ('YAFGYPSEAKKIKR', 150, 163), ('ESEEENENEENHEEGSEMKR', 158, 184), ('YAFGYPSGEAKKM', 185, 197)]
P0C5W7	MFTLKKSLLLLFFLGTISLSLC, 22	[('EEERNAEEERRDYPEERDVEVEKR', 23, 46), ('FLSLALAALPKLFCLIFKKC', 47, 66)]
P11006	MFKGLFICSLIAVICANA, 18	[('LPQPEASADEDMDER', 19, 33), ('EVR', 34, 36), ('GIGKFLHSAGKFGKAFVGEIMKSKR', 37, 61), ('DAEAVGPEAFADEDLDER', 62, 79), ('EVR', 80, 82), ('GIGKFLHSAKKFGKAFVGEIMNSKR', 83, 107), ('DAEAVGPEAFADEDLDER', 108, 125), ('EVR', 126, 128), ('GIGKFLHSAKKFGKAFVGEIMNSKR', 129, 153), ('DAEAVGPEAFADEDLDER', 154, 171), ('EVR', 172, 174), ('GIGKFLHSAKKFGKAFVGEIMNSKR', 175, 199), ('DAEAVGPEAFADEDFDER', 200, 217), ('EVR', 218, 220), ('GIGKFLHSAKKFGKAFVGEIMNSKR', 221, 245), ('DAEAVGPEAFADEDLDER', 246, 263), ('EVR', 264, 266), ('GIGKFLHSAKKFGKAFVGEIMNSKR', 267, 291), ('DAEAVDDRRWVE', 292, 303)]
P21850	MSFLKKSLLLVLFLGLVSHS, 20	[('VCKEEKRETEEENENEEENHEVGSEMKR', 21, 48), ('YAFWYPNR', 49, 56), ('DTEEKNENEEENQEEGSEMKR', 57, 77), ('YAFGYPKR', 78, 85), ('EPEEENENEEENHEEGSEMKR', 86, 106), ('YAFEVVGGEAKKMKREPEEENENEEENHEEGSEMKR', 107, 142), ('YAFDVVGGEAKKMKREPEEENENEEENHEEGSEMKR', 143, 178), ('YAFDVVGGEAKKMKREPEEENENEEENHEEGSEMKR', 179, 214), ('YAFDVVGGEAKKM', 215, 227)]
P24302	MDILKKSLFLVLFLGLVSLSIC, 22	[('EEEKRENEDEEKQEDDEQSEMKR', 23, 45), ('ALWKTMLKKLGTMALHAGKAALGAAADTISQGTQ', 46, 79)]
P32412	MFTLKKSMLLLFFLGTINLSLC, 22	[('EEERDADEEERRDNPDESEVEVEKR', 23, 47), ('FLPLLAGLAANFLPKIFCKITRKC', 48, 71)]
P39084	MFTLKKSLLLLFFLGTINLS, 20	[('LCEEERNAEEERRDNPDERDVEVEKR', 21, 46), ('FLGGLIKIVPAMICAVTKKC', 47, 66)]
P69021	MAFLKKSLFLVLFLGLVSLSIC, 22	[('EKEKRQNEEDEDENEAANHEEGSEEKR', 23, 49), ('GLFDIVKKIAGHIAGSIGKK', 50, 69), ('GLFDIVKKIAGHIAGSIGKKR', 50, 70)]
P69031	MAFLKKSLFLVLFLGLVSLSIC, 22	[('EQEKREEENQEEDEENEAASEEKR', 23, 46), ('GLMSSIGKALGGLIVDVLKPKTPAS', 47, 71)]
P79875	MFTLKKSLLLLFFLGTINLSLC, 22	[('EEERDADEERRDDLEERDVEVEKR', 23, 46), ('FFPVIGRILNGILGK', 47, 61)]
P79876	MFTLKKSLLLLFFLGTINLSLC, 22	[('EEERNAEEERRDEPDERDVQVEKR', 23, 46), ('LSPNLLKSLLGK', 47, 58)]
P80398	MFTMKKSLLFLFFLGTISLSLC, 22	[('EEERSADEDDGGEMTEEEVKR', 23, 43), ('GILDTLKQFAKGVGKDLVKGAAQGVLSTVSCKLAKTC', 44, 80)]
P81486	MAFLKKSLFLVLFLGLVSLSIC, 22	[('EEEKRENKDEIEQEDDEQSEEKR', 23, 45), ('ALWKDILKNVGKAAGKAVLNTVTDMVNQGEQ', 46, 76)]
P81565	MVFLKKSLLLVLFVGLVSLSIC, 22	[('EENKREEHEEIEENKEKAEEKR', 23, 44), ('GWMSKIASGIGTFLSGMQQ', 45, 63)]
P82389	MAFLKKSLFLVLFLGLVSLSIC, 22	[('EKEKRQNEEDEDENEAANHEEGSEEKR', 23, 49), ('GLFDIVKKVVGALGSLGKR', 50, 68), ('FDIVKKVVGALGSLGKR', 52, 68), ('NDLE', 69, 72)]
P82390	MAFLKKSLFLVLFLGLVSLSIC, 22	[('EKEKRQNGEDEDENEAANHEEGSEEKR', 23, 49), ('GLFDIVKKVVGAIGSLGKR', 50, 68), ('NDVE', 69, 72)]
P83081	MNFKYIVAVSFLIASAYA, 22	[('RSEENDEQSLSQRDVLEEESLREIR', 19, 43), ('GIGTKILGGVKTALKGALKELASTYVNGKR', 44, 73), ('TAEDHEVMKRLEAVMRDLDSLDYPEEAAERETRGFNQEEIANLFTKKEKR', 74, 123), ('ILGPVISTIGGVLGGLLKNL', 124, 143)]
P83083	MNFKYIIAVSFFIASAYA, 22	[('RSEEKDVQSLSQRDVLEEESLREIR', 19, 43), ('GIGGVLLSAGKAALKGLAKVLAEKYANGKR', 44, 73), ('TAEDHEVMKRLEAVMRDLDSLDHPEEASERETRGFNQEEIANLFTKKEKR', 74, 123), ('ILGPVLGLVGNALGGLIKKI', 124, 143)]
P83084	MNFKYIVAVSFLIASAYA, 22	[('RSVQNDEQSLSQRDVLEEESLREIR', 19, 43), ('SIGAKILGGVKTFFKGALKELASTYLQRKR', 44, 73), ('TAEEQHEVMKRLEAVMRDLDSLDHPEEASEREIRGFNQEEIANLFTKKEKR', 74, 124), ('ILGPVISKIGGVLGGLLKNL', 125, 144)]
P83455	MNFLKKSLFLVLFLGFVSISFC, 22	[('DEEKRQDDDEGNEREEKKEIQEDGNQEERRDK', 23, 54), ('PPAWVPGK', 55, 62)]
P83719	MFTMKKTLLVLFFLGVVSLSLC, 22	[('VEERDADEEDGGEVMEEEVKR', 23, 43), ('GALRGCWTKSYPPKPCK', 44, 60), ('GK', 61, 62)]
P84213	MSAIPLNRILPLGFLLIFSFISLSSC, 22	[('MEFVEDPNNQGGLNLQQR', 27, 44), ('QQRLGNQWAVGHLMGKK', 42, 58), ('GKKSLQDTDFEEMESFAKRNVENMKAESERELRHAQLVVRNILEQYLKNMQN', 56, 107)]
P84276	MFTTKKSLLLLFFLGTISLSLC, 22	[('EEERGADEEEGDGEKLTKR', 23, 41), ('ALSILRGLEKLAKMGIALTNCKATKKC', 42, 68)]
P84567	MAFLKKSLFLVLFLGLATLSIC, 22	[('EEEKRETEEEEYNQEEDDKSEEKR', 23, 46), ('FLSLIPHAINAVSTLVHHF', 47, 65)]
P84572	MAFLKKSLFLVLFLGLVSLSIC, 22	[('EEEKRETEEEENEQEDDDKSEEKR', 23, 46), ('FLSLIPHAINAVSAIAKHF', 47, 65)]
P84596	MAFLKKSLFLVLFLGMVSLSIC, 22	[('EEEKRENEDEELQEDDEQSEMKR', 23, 45), ('GLWSTIKNVGKEAAIAAGKAALGAL', 46, 70)]
P84899	MSILKKSLFLVLFLGLVSFSIC, 22	[('EEEKREAEEEENEDEIEEQSEEKKR', 23, 47), ('FEPVPPGFTPFRQS', 48, 61)]
P85070	MFTMKKSMLLLFFLGTISLSLC, 22	[('EQERNADEEERRDEEVAKMEEIKR', 23, 46), ('GLLSGILGAGKNIVCGLSGLC', 47, 67)]
P85071	MFTLKKSQLLLFFPGTINLSLC, 22	[('QDETNAEEERRDEEVAKMEEIKR', 23, 45), ('GLLSGILGAGKHIVCGLSGLC', 46, 66)]
P85882	MAFLKKSLFLVLFLGLVSLSIC, 22	[('EEEKRETEEKENEQEDDDKSEEKR', 23, 46), ('FLSLIPHAINAVSAIAKHF', 47, 65)]
P86093	MFTMKKSLLLLFFLGTISMSLC, 22	[('EEKRDADEEETEGEAKMEDIK', 23, 43), ('RAEAVPPGFTPFRKP', 44, 58)]
P86483	MSLLPAVKVLPLGYLGIVLVFSLILRSAMV, 30	[('DFIQDAGKLERIDTYKR', 31, 47), ('EAQMIFGAPMWALGHLMGRK', 48, 67)]
P86994	MLLLSAVKTLLLAWLGIVLVFMSIIKSAML, 30	[('DFLQEAGKLEGIETYKK', 31, 47), ('EAQTSFMAPSWALGHLMGRK', 48, 67)]
Q0VKG8	MDFLKKSLFLVLFLGLVSISLC, 22	[('DEEKRQDDDEASEREEKKEIHEEGNQEERR', 23, 52), ('DRPPSWIPK', 53, 61)]
Q0VTT8	MSFLKKSLFLVLFLGLVSFSIC, 22	[('EEEKRETEEEENEDEIEEQSEEKKR', 23, 47), ('FEPVPPGFTPFRQT', 48, 61)]
Q0VTT9	MSFLKKSLFLVLFLGLVSS, 18	[('SICEEEKRETEEEENEDEIEEESEEKKR', 20, 47), ('EDPERPPGFTPFRVY', 48, 62), ('RPPGFTPFRVY', 52, 62), ('RPPGFTPFR', 52, 60), ('VY', 61, 62)]
Q0VTU0	MSFLKKSLFLVLFLGLVSFSIC, 22	[('EEEKRETEEEENKDETEEQSEEKKR', 23, 47), ('FEPVPPGFTPFR', 48, 59), ('FEPVPPGFTPFRLT', 48, 61)]
Q0VZ38	MAFLKKSLFLVLFLGLVSLSIC, 22	[('EEEKRETEEEENDQEEDDKSEEKR', 23, 46), ('FLGLLPSIVSGAVSLVKKL', 47, 65)]
Q0VZ39	MAFLKKSLFLVLFLGLVSLSIC, 22	[('EEEKRETEEEENDQEEDDKSEEKR', 23, 46), ('FLSLLPSLVSGAVSLVKKL', 47, 65)]
Q0VZ40	MAFLKKSLFLVLFLGLVSLSIC, 22	[('EEEKRETEEEENDQEEDDKSEEKR', 23, 46), ('FLSLLPSLVSGAVSLVKIL', 47, 65)]
Q17UY9	LVLFLGLVSLSIC, 13	[('EEEKRETEEEENDQEEDDKSEEKR', 14, 37), ('FLSLLPSIVSGAVSLAKKL', 38, 56)]
Q1EJP4	KSLFLVLFLGMVSLSIC, 17	[('EEEKRENEDEEKQEDDEQSEMKR', 18, 40), ('GLWSTIKNVGKEAAIAAGKAVLGSLGEQ', 41, 68)]
Q1EJP5	MAFMKKSLFLVLFLGMVSLSIC, 22	[('EEEKRENEDEAKQEDDEQSEMKR', 23, 45), ('GLWSTIKNVGKEAAIAAGKAALGALGEQ', 46, 73)]
Q1EN15	MAFLKKSLFLVLFLGLVSLSIC, 22	[('DEEKRENEDEENQEDDEQSEMRR', 23, 45), ('GLRSKIWLWVLLMIWQESNKFKKM', 46, 69)]
Q58T40	MNFKYIVAVSFLIASAYA, 18	[('RSVQNDEQSLSQRDVLEEESLREIR', 19, 43), ('GIGGKILSGLKTALKGAAKELASTYLHRKR', 44, 73), ('TAEEHEVMKRLEAVMRDLDSLDYPEEASERETRGFNQDEIANLFTKKEKR', 74, 123), ('ILGPVLSLVGNALGGLIKKI', 124, 143)]
Q58T41	MNFKYIVAVSFLIASAYA, 18	[('RSEENDEQSLSQRDVLEEESLREIR', 19, 43), ('GIGTKIIGGLKTAVKGALKELASTYVNGKR', 44, 73), ('TAEDHEVMKRLEAVMRDLDSLDYPEEASERETRGFNQEEIANLFTKKEKR', 74, 123), ('ILGPVISTIGGVLGGLLKNL', 124, 143)]
Q58T42	MNFKYIIAVSFLIASAYA, 18	[('RSVQNDEQSLSQRDVLEEESLREIR', 19, 43), ('GIGGVLLSAGKAALKGLAKVLAEKYANGKR', 44, 73), ('TAEEHEVMKRLEAVMRDLDSLDHPEEASERETRGFNQDEIAKEKR', 74, 118), ('ILGPVLGLVGNALGGLIKKI', 119, 138)]
Q58T43	MNFKYIVAVSFLIASAYA, 18	[('RSVQNDEQSLSQRDVLEEESLREIR', 19, 43), ('GIGGKILSGLKTALKGAAKELASTYLHRKR', 44, 73), ('TAEEHEVMKRLEAVMRDLDSLDYPEEASERETRGFNQDEIANLFTKKEKR', 74, 123), ('ILGPVLGLVGNALGGLLKNL', 124, 143)]
Q58T44	MNFKYIFAVSFLIASAYA, 18	[('RSVQNDEQSLSQRDVLEEESLREIR', 19, 43), ('GIGGVLLSAGKAALKGLAKVLAEKYANGKR', 44, 73), ('TAEEHEVMKRLEAVMRDLDSLDHPEEASERETRGFNQDEIAKEKR', 74, 118), ('ILGPVLGLVGNALGGLIKKI', 119, 138)]
Q58T45	MNFKYIVAVSFLIASAYA, 18	[('RSVKNDEQSLSQRDVLDEESLREFR', 19, 43), ('GIGGALLSAGKSALKGLAKGLAEHFASGKR', 44, 73), ('TAEDHEVMKRLEAVMRDLDSLDYPEEATERETRGFNQEEIANLFTKKEKR', 74, 123), ('ILGPVLGLVGNALGGLIKKI', 124, 143)]
Q58T46	MNFKYIVAVSFLIASAYA, 18	[('RSVQNDEQSLSQRDVLEEESLREIR', 19, 43), ('GIGGKILSGLKTALKGAAKELASTYLHRKR', 44, 73), ('TAEEHEVMKRLEAVMRDLDSLDYPEEASERETRGFNQDEIANLFTKKEKR', 74, 122), ('ILGPVLGLVGEPLGGLIKKI', 124, 143)]
Q58T48	MNFKYIVAVSFLIASAYA, 18	[('RSVQNDEQSLSQRDVLEEESLREIR', 19, 43), ('GIGGKILSGLKTALKGAAKELASTYLHRKR', 44, 73), ('TAEEHEVMKRLEAVMRDLDSLDYPEEASERETRGFNQDEIANLFTKKEKR', 74, 122), ('ILGPVLGLVGSALGGLIKKI', 124, 143)]
Q58T49	MNFKYIVAVSFLIASAYA, 18	[('RSEENEIQSLSQRDVLEEESLREMR', 19, 43), ('GIGTKILGGVKTALKGALKELASTYVNGKR', 44, 73), ('TAEEHEVMKRLETVMRDLDSLDYPEEASERETRGFNQEEIANLFTKKEKR', 74, 123), ('ILGPVLGLVSNALGGLLKNI', 124, 143)]
Q58T52	MNFKYIIAVSFFIASAYA, 18	[('RTEEKDVQSLSQRDVLEEESLREIR', 19, 43), ('GIGGVLLSAGKAALKGLAKVLAEKYANGKR', 44, 73), ('TAEDHEVMKRLEAVMRDLDSLDHPEEASERQTRGFNQEEIANLFTKKEKR', 74, 123), ('ILGPVLGLVGNALGGLIKKI', 124, 143)]
Q58T55	MNFKYIVAVSFLIASAYA, 18	[('RSVKNDEQSLSQRDVLEEESLREIR', 19, 43), ('GIGRKFLGGVKTTFRCGVKDFASKHLYGKR', 44, 73), ('TAEEHEVMKRLEAIMRDLDSLDHPEEASERETRGFNQDEIANLFTKKEKR', 74, 123), ('ILGPVLGLVGNALGGLIKKI', 124, 143)]
Q58T60	MNFKYIVAVSFLIASAYA, 18	[('RSVQNDEQSLSQRDVLEEESLREIR', 19, 43), ('SIGAKILGGVKTFFKGALKELASTYLQQKR', 44, 73), ('TAEEQHEVMKRLEAVMRDLDSLDHPEEASERETRGFNQEEIANLFTKKEKR', 74, 124), ('ILGPVISKIGGVLGGLLKNL', 125, 144)]
Q58T61	MNFKYIVAVSFLIASAYA, 18	[('RSVQNDEQSLSQRDVLEEESLREIR', 19, 43), ('SIGAKILGGVKTFFKGALKELASTYLQRKR', 44, 73), ('TAEDHEEMKRLEAVMRDLDSLDYPEEASERETRGFNQEEIANLFTKKEKR', 74, 123), ('ILGPVISKIGGVLGGLLKNL', 124, 143)]
Q58T62	MNFKYIVAVSFLIASAYA, 18	[('RSVQNDEQSLSQRDVLEEESLREIR', 19, 43), ('GIGGVLLSAGKAALKGLAKVLAEKYANGKR', 44, 73), ('TAEDHEVMKRLEAVMRDLDSLDHPEEASERETRGFNQDEIAKEKR', 74, 118), ('ILGPVLGLVGNALGGLIKKI', 119, 138)]
Q58T64	MHFKYIVAVSFLIASAYA, 18	[('RSVQNDEQSLSQRDVLEEESLREIR', 19, 43), ('GIGGKILSGLKTALKGAAKELASTYLHRKR', 44, 73), ('TAEEHEVMKRLEAIMRDLDSLDYPEEASERETRGFNQDKIANLFTKKEKR', 74, 122), ('ILGPVLGLVGSALGGLIKKI', 124, 143)]
Q58T65	MNFKYIVAVSFLIASAYA, 18	[('RSVQNDEQSLSQRDVLEEEESLREIR', 19, 44), ('GIGGKILSGLKTALKGAAKELASTYLHRKR', 45, 74), ('TAEEHEVMKRLEAVMRDLDSLDYPEEASERETRGFNQDEIANLFTKKEKR', 75, 124), ('ILGPVLGLVGSALGGLIKKI', 125, 144)]
Q58T68	MNFKYIVAVSFLIASAYA, 18	[('RSVQNDEQSLSQRDVLEEEESLREIR', 19, 44), ('GIGGKILSGLKTALKGAAKELASTYLHRKR', 45, 74), ('IAEDHEVMKRLEAVMRDLDSLDHPEEASERETRGFNQEEIANLFTKKEKR', 75, 124), ('ILGPVLGLVGNALGGLIKKI', 125, 144)]
Q58T69	MNFKYIVAVSFLIASAYA, 18	[('RSVQNDEQSLSQRDVLEEEESLREIR', 19, 44), ('GIGGKILSGLKTALKGAAKELASTYLHRKR', 45, 74), ('TAEEHEVMKRLEAVMRDLDSLDYPEEASERETRGFNQDEIANLFTKKEKR', 75, 124), ('ILGPVLGLVSNALGGLIKKI', 125, 144)]
Q58T70	MNFKYIVAVSFLIASAYA, 18	[('RSVQNDEQSLSQRDVLEEEESLREIR', 19, 44), ('GIGGKILSGLKTALKGAAKELASTYLHRKR', 45, 74), ('TAEEHEVMKRLEAVMRDLDSLDYPEEAAERETRGFNQDEIANLFTKKEKR', 75, 124), ('ILGPVLGLVGNALGGLIKKI', 125, 144)]
Q58T74	MNFKYIVAVSFLIASAYA, 18	[('RSEENDEQSLSQRDVLEEESLREIR', 19, 43), ('GIGAKILGGVKTALKGALKELASTYVNGKR', 44, 73), ('TAEDHEVMKRLEAVMRDLDSLDYPEEAAERETRGFNQEEIANLFTKKEKR', 74, 123), ('ILGPVISTIGGVLGGLLKNL', 124, 143)]
Q58T77	MNFKYIVAVSFLIASAYA, 18	[('RSVQNDEQSLSQRDVLEEESLREIR', 19, 43), ('GIGGVLLSAGKAALKGLAKVLAEKYANGKR', 44, 73), ('TAEDHEVMKRLEAIMRDLDSLDYPEEASERETRGFNQDEIAKEKR', 74, 118), ('ILGPVLGLVGNALGGLIKKI', 119, 138)]
Q58T79	MNFKYIIAVSFFIASAYA, 18	[('RRNEKDVQSLSQRDVLEEESLREIR', 19, 43), ('GIGGVLLSAGKAALKGLAKVLAEKYANGKR', 44, 73), ('TAEDHEVMKRLEAVMRDLDSLDHPEEASERETRGFNQEEIANLFTKKEKR', 74, 123), ('ILGPVLGLVGNALGGLIKKI', 124, 143)]
Q58T80	MNFKYIVAVSFLIASAYA, 18	[('RSVQNDEQSLSQRDVLEEESLREIR', 19, 43), ('GIGGKILSGLKTALKGAAKELASTYLHRKR', 44, 73), ('TAEEHEVMKRLEAVMRDLDSLDYPEEASERETRGFNQDEIANLFTKKEKR', 74, 123), ('ILGPVLGLVSNALGGLIKKI', 124, 143)]
Q58T83	MNFKYIVAVSFLIASAYA, 18	[('RSVQNDEQSLSQRDVLEEESLREIR', 19, 43), ('IGGKILSGLKTALKGAAKELASTYLHRKR', 45, 73), ('TAEEHEVMKRLEAVMRDLDSLDYPEEASERETRGFNQDEIANLFTKKEKR', 74, 123), ('ILGPVLGLVGNALGGLIKKI', 124, 143)]
Q58T86	MNFKYIVAVSFLIASAYA, 18	[('RSEENEIQSLSQRDVLEEESLREIR', 19, 43), ('GIGTKILGGVKTALKGALKELASTYVNGKR', 44, 73), ('TAEEHEVMKRLETVMRDLDSLDYPEEASERETRGFNQEEIANLFTKKEKR', 74, 123), ('ILGPVLGLVSNALGGLLKNI', 124, 143)]
Q58T87	MNFKYIVAVSFLIASAYA, 18	[('RSEENDEQSLSQRDVLEEESLREIR', 19, 43), ('GIGTKILGGVKTALKGALKELASTYANGKR', 44, 73), ('TAEEHEVMKRLEVVMRDLDSLDYPEEASERETRDFNQEEIANLYTKKEKR', 74, 123), ('LLGPVLGLVSNALGGLLKNI', 124, 143)]
Q800R2	MASLKKSLFLVLLLGFVSVSIC, 22	[('EEEKRQEDEDEHEEEGESQEEGSEEKR', 23, 49), ('GLLSVLGSVAKHVLPHVVPVIAEHLG', 50, 75)]
Q800R4	MAFLKKSLFLVLFLALVPLSIC, 22	[('EEKKSEEENEEKQEDDQSEEKR', 23, 44), ('GLVTSLIKGAGKLLGGLFGSVTGGQS', 45, 70)]
Q8JHE1	MNFKYIFAVSFLIASAYA, 18	[('RSVQNDEQSLSQRDVLEEESLREIR', 19, 43), ('GIGGKILSGLKTALKGAAKELASTYLHRKR', 44, 73), ('TAEEHEEMKRLEAVMRDLDSLDYPEEASERETRGFNQDEIANLFTKKEKR', 74, 123), ('ILGPVLGLVSDTLDDVLGIL', 124, 143)]
Q90W78	MLTLKKSMLLLFFLGLVSVSLA, 22	[('DDKREDEAEEGEDKRAAEEERNVEKR', 23, 48), ('CYSAAKYPGFQEFINRKYKSSRF', 49, 71)]
Q90WP7	MFTLKKSLLLLFFLGTISSS, 20	[('LCEQERDSDDEDQGEVTEQVVKR', 21, 43), ('LVRGCWTKSYPPKPCFVR', 44, 61), ('G', 62, 62)]
Q91826	MYKQIFLCLIIAALCATIMA, 20	[('EASALADADDDDDKR', 21, 35), ('YVRGMASKAGAIAGKIAKVALKALGRR', 36, 62), ('GMASKAGAIAGKIAKVALKALGRR', 39, 62), ('KIAKVALKALGRR', 50, 62), ('GRRDS', 60, 64)]
Q99134	MYKQIFLCLIIAALCATIMA, 20	[('EASAFADADEDDDKR', 21, 35), ('YVRGMASKAGAIAGKIAKVALKALGRR', 36, 62), ('GMASKAGAIAGKIAKVALKALGRR', 39, 62), ('KIAKVALKALGRR', 50, 62), ('GRRDS', 60, 64)]
Q9DET7	MNFKYIVAVSFLIASTYA,	18 [('RSVKNDEQSLSQRDVLEEESLREIR', 19, 43), ('GIGGALLSAGKSALKGLAKGLAEHFANGKR', 44, 73), ('TAEEHEVMKRLEAVMRDLDSLDYPEEASEMETRSFNQEEIANLFTKKEKR', 74, 123), ('ILGPVLDLVGRALRGLLKKI', 124, 143)]
Q9PT75	MAFLKKSLFLVLFLGLVPLSLC, 22	[('ESEKREGENEEEQEDDQSEEKR', 23, 44), ('SLGSFLKGVGTTLASVGKVVSDQFGKLLQAGQ', 45, 76)]
A0A088MI62	MAFLKKSLFLVLFLGVVSLSFC, 22	[('EEEEREEHEEEKREAEAAESAENLISKR', 23, 50), ('VPPGFTPFRVD', 51, 61)]
A0A193H329	MAFLKKCLFLVLFLGLVSLSIC, 22	[('EEEKREEENEEVQEDDDQSEEKR', 23, 45), ('GFLDVIKHVGKAAGKAALNAVTEMVNQGEQ', 46, 75)]
A0A193H361	MVKLKKSLFLVLFLGLVSLSIC, 22	[('EEEKREEENEEVQEDDDQSEEKR', 23, 45), ('GFLDIVKHVGKAAGKAALNAVTEMVNQGEQ', 46, 75)]
A0A193H362	MAFLKKSLFLVLFLGLVSLSIC, 22	[('EEEKREEENEEVQEDDDQSEEKR', 23, 45), ('GFLDVIKHVGKAALGVVTHLINQGEQ', 46, 71)]
A0A193H365	MAKLKKSLFLVLFLGLVSLSIC, 22	[('EEEKREEENEEVQEDDDQSEEKR', 23, 45), ('GFLDVVKHVGKAVGKAALNAVTEMVNQAEQ', 46, 75)]
A0A193H395	MAFLKKSLFLVLFLGLVSLSIC, 22	[('EEEKREENEEEQDDDEQSEEKR', 23, 44), ('GFLDIVKGVGKVALGAVSKLFGQEER', 45, 70)]
A0A193H396	MAYLKKSLFLVLFLGLVSLSIC, 22	[('EEEKREEENEEEQEDDDQSEEKR', 23, 45), ('GFLDVITHVGKAVGKAALNAVTEMVNQAEQ', 46, 75)]
A0A193H397	MAFLKKSLFLVLFLGLVSLSIC, 22	[('EEEKREEENEEVQEDDDQSEEKR', 23, 45), ('GFLDVVKHVGKAVGKAALNAVNDLVNQGEQ', 46, 75)]
A0A5P9K6A8	MAFLKKSLFLVLFLGLVSLSMC, 22	[('EEEKRENEVEEEQEDDEQSELRR', 23, 45), ('SLWSSIKDMAAAAGRAALNAVNGILNPGEQ', 46, 75)]
A0A5P9K9Z4	MAFLKKSLFLVLFLGLVSLSMC, 22	[('EEEKRENEVEEEQEDDEQSELRR', 23, 45), ('SLWSSIKDMAAAAGRAALNAVNGIVNPGEQ', 46, 75)]
A0A5Q0MU22	MAFLKKSLFLVLFLGLVSLSVC, 22	[('EEEKRESEEEKNEQEEDDRDERSEEKR', 23, 49), ('LLGMIPLAISAISALSKL', 50, 67)]
A0SN38	MFTLKKSMLLLFFLGTINLSLC, 22	[('EQERNADEEERRDDDEMDVEVEKR', 23, 46), ('FLPMLAGLAANFLPKLFCKITKKC', 47, 70)]
A0SN42	MFTLKKSLLLLFFLGTINLSLC, 22	[('EQERDADEEERRDDDEMDVEVEKR', 23, 46), ('FLPLAVSLAANFLPKLFCKITKKC', 47, 70)]
A0SN45	MFTLKKSLLLLFFLGTINLSLC, 22	[('EQERNAEEERRDEPDERNAEVEKR', 23, 46), ('FLPIVGKLLSGLSGLLGK', 47, 64)]
A6MWS7	MKIIVVLAVLMLVSA, 15	[('QVCLVSAAEMGHSSDNELSSRDLVKR', 16, 41), ('FFLPPCAYKGTCNH', 42, 55)]
A6MWS9	MKIIVFLAVLMLVSA,15	[('QVCLVSAAEMEHSSDNELSSRDLVKR', 16, 41), ('FFLPPCAHKGTCNH', 42, 55)]
A7WNV3	MFTTKKSMLLLFFLGTINLSLC, 22	[('EEERNAEEERRDEPDEMNVEVEKR', 23, 46), ('FLPLIAGLAANFLPKIFCAITKKC', 47, 70)]
A7WNV4	MFTLKKSMLLLFFLGTINLSLC, 22	[('EEERNAEEERRDEPDEMDVEVEKR', 23, 46), ('FLPVIAGVAAKFLPKIFCAITKKC', 47, 70)]
A7WNV5	MFTTKKSMLLLFFLGTISLSLC, 22	[('EEERGADEEEGDGEKLMKR', 23, 41), ('GLFSILKGVGKIALKGLAKNMGKMGLDLVSCKISKEC', 42, 78)]
A7WNV6	MFTTKKSMLLFFFLGTISLSLC, 22	[('EQERGADEDDGVEMTEEEVKR', 23, 43), ('GIMDTVKNVAKNLAGQLLDKLKCKITAC', 44, 71)]
A7WNV7	MFTSKKSLLLLFFLGTINLSLC, 22	[('EEERDADEEERRDDPDEMNVEVEKR', 23, 47), ('FLPLVGKILSGLIGK', 48, 62)]
A8B5P0	MFTLKKTLLLLYFLGTISISLC, 22	[('KQERDADEDDGRKMTEEEVKR', 23, 43), ('SIITMTKEAKLPQSWKQIACRLYNTC', 44, 69)]
B3VZU2	MFTLKKSLLLLFFLGVINVSLC, 22	[('EEERDADEEERRDDPEERDVEVEKR', 23, 47), ('FFPLALLCKVFKKC', 48, 61)]
B3VZU4	MFTLKKSLLLLFFLGTINLSLC, 22	[('EEERDADEEERRDDPEERAVQVEKR', 23, 47), ('ILPILAPLIGGLLGK', 48, 62)]
B5A9S9	MFTLKKSLLLLFFLGTINFSLC, 22	[('EEERNAEEERRDYPEERDVEVEKR', 23, 46), ('IIPLPLGYFAKKT', 47, 59)]
B5A9T1	MFTLKKSLLLLFFIGVIKLSLC, 22	[('EEERNADDDERRDDPDEMDVEVENR', 23, 47), ('SAVGRHGRRFGLRKHRKH', 48, 65)]
B5LUQ6	MASLKKSLFLVLFLGFVSLSIC, 22	[('EEEKREDKEDEGENEEAEENHEERSEEKR', 23, 51), ('FLPLLASLVGGLLGKR', 52, 67)]
B6HY14	MAFLKKSLLLVLFLGLVSLSIC, 22	[('DEEKRENEDEEEQEDDEQSEEKR', 23, 45), ('GMWGTVFKGIKTVAKHLLPHVFSSQQS', 46, 72)]
C0HJF6	MDILKKSLFLALFLGLVSISFC, 22	[('DEEKRQDDDESNESEEKKEIHEEGSQEERREK', 23, 54), ('PPPWVPV', 55, 61)]
C0HJZ6	MAFLKKSLFLVLFLGLVSLSIC, 22	[('DEEKRQDEDDDDDDDEEKR', 23, 41), ('GVFDIIKDAGKQLVAHAMGKIAEKV', 42, 66)]
C0HJZ7	MAFLKKSLFLVLFLGLVSLSIC, 22	[('DEEKRQDEDDDDDDDEEKR', 23, 41), ('GVFDIIKDAGKQLVAHATGKIAEKV', 42, 66)]
C0HJZ8	MAFLKKSLFLVLFLGLVSLSIC, 22	[('DEEKRQDEDDDDDDDEEKR', 23, 41), ('GVIDIIKGAGKDLIAHAIGKLAEKV', 42, 66)]
C0HJZ9	MAFLKKSLFLVLFLGLVSLSIC, 22	[('DEEKRQDEDDDDDDDEEKR', 23, 41), ('GVFDIIKGAGKQLIAHAMGKIAEKV', 42, 66)]
C0HK00	MAFLKKSLFLVLFLGLVSLSIC, 22	[('DEEKRQDEDDDDDDDEEKR', 23, 41), ('GVFDIIKDAGRQLVAHAMGKIAEKV', 42, 66)]
C0HK01	MAFLKKSLFLVLFLGLVSLSIC, 22	[('DEEKRQDEDDDDDDDEEKR', 23, 41), ('GVFDIIKGAGKQLIAHAMEKIAEKVGLNKDGN', 42, 73)]
C0HK02	MAFLKKSLFLVLFLGLVSLSIC, 22	[('DEEKRQDEDDDDDDDEEKR', 23, 41), ('GVFDIIKGAGKQLIAHAMGKIAEKVGLNKDGN', 42, 73)]
C0HK03	MAFLKKSLFLVLFLGLVSLSIC, 22	[('DEEKRQDEDDDDDDDEEKR', 23, 41), ('GVFDIIKGAGKQLIARAMGKIAEKVGLNKDGN', 42, 73)]
C4N9P6	MFPLKKSLLLLFFLGTINLSFC, 22	[('EEERDVDQDERRDDPGERNVQVEKR', 23, 47), ('LLRHVVKILEKYLGK', 48, 62)]
C5H0C7	MFPMKKSLLLLFFFGPISLSFC, 22	[('DQERGADEEENGGEVTEQEVKR', 23, 44), ('NILSSIVNGINRALSFFG', 45, 62)]
C5H0D9	MFTLKKSLLLLFFLGTINLSLC, 22	[('EQERNAEEERRDDLGERQAEVEKR', 23, 46), ('FFPIVGKLLFGLFGLLGK', 47, 64)]
C5H0E0	MFPLKKSLLLLFFLATINLSLC, 22	[('EQERNAEEERRDEPDERNAEVEKR', 23, 46), ('FFPIVGKLLSGLLGK', 47, 61)]
C5H0E1	MFTLKKSLLLLFFLATINLSFC, 22	[('EQERNAEEERRDEPDERNAEVEKR', 23, 46), ('FFPIVGKLLFGLLGK', 47, 61)]
C5H0E2	MFTLKKSLLLLFFLGTINLSLC, 22	[('EQERNAEEERRDDLGERQAEVEKR', 23, 46), ('FFPIVGKLLS', 47, 56)]
E1AWD4	MFTMKKSLLLLFFLGTINLSLC, 22	[('EQERNAEEERRDDDEMDVEVEKR', 23, 45), ('FLSTALKVAANVVPTLFCKITKKC', 46, 69)]
E1AWD5	MFTTKKPLLLLFFLGTINLSLC, 22	[('EQERNAEEERRDDDEMDVEVEKR', 23, 45), ('FLPIVAGLAANFLPKIVCKITKKC', 46, 69)]
E1AWD6	MFTMKKSMLVLFFLGTISLSLC, 22	[('EEERNADEDDGEMTEEVKR', 23, 41), ('GILDKLKEFGISAARGVAQSLLNTASCKLAKTC', 42, 74)]
E1AWD7	MFTLKKSLLLLFFLATINLSLC, 22	[('EQERNAEEERRDDDERNAEVEKR', 23, 45), ('FLPFVGNLLKGLLGK', 46, 60)]
E1AWD8	MFTLKKPLLVLFFLATINLSLC, 22	[('EQERNAEEERRDDDERNVEVEKR', 23, 45), ('FFPIVGKLLSGLFGK', 46, 60)]
E1AXF5	MFTMKKSLLVLFFLGTISLSLC, 22	[('EEERNADEDDGEMTEEEKR', 23, 41), ('GLLSTFKQVGISALQGAAQGLLNTLSCKIAKTC', 42, 74)]
E1AXF6	MFTMKKPLLLLFFLGTISLSLC, 22	[('EEERNADEDDGEKEVKR', 23, 39), ('GIFALIKTAAKFVGKNLLKQAGKAGLEHLACKANNQC', 40, 76)]
E1B230	MFTMKKSMLLLFFLGTISLSLC, 22	[('EEERSADEDDGEEEVKR', 23, 39), ('SLFSIFKTAAKFVGKNLLKQAGKAGLETLACKAKNEC', 40, 76)]
E1B231	MFTMKKPLLLLFFLGTISLSLC, 22	[('QEERGADEDDGEMTEEVKR', 23, 41), ('GLWNTIKEAGKKFAINVLDKIRCGIAGGCKT', 42, 72)]
E1B240	MFTLKKSLLLLFFLGTINLSLC, 22	[('EQERDADEEERRDDDEMDVEVEKR', 23, 46), ('FLPLVASLAANFLPKLFCKITKKC', 47, 70)]
E1B241	MFTLKKSMLLLFFLGTINLSLC, 22	[('EQERNADEEERRDDDEMDVEVEKR', 23, 46), ('FLPMLAGLAANFLPKLFCKITKKC', 47, 70)]
E1B242	MFTLKKSMLLLFFLGTISLSLC, 22	[('EEERSADEDDGEKEVKR', 23, 39), ('GIFSLIKTAAKFVGKNLLKQAGKAGMEHLACKANNQC', 40, 76)]
E1B245	MFTLKKSLLLLFFLGTINLSLC, 22	[('EQERDADEEERRDDDEMDVEVEKR', 23, 46), ('FLPLFLPKIICAITKKC', 47, 63)]
E7EKC5	MFTLKKSLLLLFFLGTINLSLC, 22	[('EQERDADEEERRDDSEERDIEVEKR', 23, 47), ('FLPLIASVAANLVPKIFCKITKKC', 48, 71)]
E7EKE0	MFTLKKPLLLLFFLGTISLSLC, 22	[('QEERDADEEEGEMIEEEVKR', 23, 42), ('SLLGTVKDLLIGAGKSAAQSVLKGLSCKLSKDC', 43, 75)]
E7EKE1	MFTMKKPLLLIVLLGIISLSLC, 22	[('EQERAADEEEGEMIEEEVKR', 23, 42), ('SLLGTVKDLLIGAGKSAAQSVLKGLSCKLSKDC', 43, 75)]
E7EKH1	MFTMKKPLLLLFFLGTINLSLC, 22	[('EEERNADEEEKRDGDDEMDAEVEKR', 23, 47), ('FLPAVLKVAAHILPTAICAISRRC', 48, 71)]
E7EKH2	MFTMKKSLLLIFFLGTINLSLC, 22	[('EEERNADEDEKRDGDDESDVEVQKR', 23, 47), ('FMGTALKIAANVLPAAFCKIFKKC', 48, 71)]
E7EKH3	MFTMKKPLLFLFFLGTISLSFC, 22	[('EEERGADEDDEVEMTEEEKR', 23, 42), ('GLRDKIKNVAIDVAKGAGTGVLKALLCQLDKSC', 43, 75)]
E7EKH4	MFTMKKSLLFLFFLGTISLSFC, 22	[('EEERGADEDDGGEMTEEEKR', 23, 42), ('GVLDTLKNVAIGVAKGAGTGVLKALLCQLDKSC', 43, 75)]
E7EKH5	MFTLKKPLLFLFFLGTISLSFC, 22	[('EEERGADEDDGGEMTEEEKR', 23, 42), ('GVLDTLKNVAIGVAKGAGTGVLKALLCQLDKSC', 43, 75)]
E7EKH6	MFTLKKPLLLLVFLGMISLSLC, 22	[('QDERGADEDDGGEMTEEEKR', 23, 42), ('GAFGNLLKGVAKKAGLKILSIAQCKLSGTC', 43, 72)]
E7EKH7	MFTMKKPMLLLFFLGMISMSLC, 22	[('QDERGADEDDGGEMTEEEKR', 23, 42), ('GAFGDLLKGVAKEAGLKLLNMAQCKLSGNC', 43, 72)]
E7EKI0	MFTMKKSLLFLFFLGTISLSLC, 22	[('EQERGADEDDGGEEVKR', 23, 39), ('GIFSLFKAGAKFFGKNLLKEAGKAGAEHLACKAANQC', 40, 76)]
E7EKI9	MFTLKKSLLLIFFLGTISLSLC, 22	[('EKERDADDDEVEVIKQEEKR', 23, 42), ('GFLNTAMNTVTNLAGTLMDKAKCKIRGC', 43, 70)]
E7EKJ5	MFTTKKSLLLLFFLGTINLSLC, 22	[('QEERNAEEERRDGDDEGGVEVQKR', 23, 46), ('FFPFLLGALGSLLPKIFGK', 47, 65)]
E7EKJ6	MFTLKKTLLLLFFLGTINLSLC, 22	[('EEERNAEEERRDGDDEMDVEVKKR', 23, 46), ('FITGLIGGLMKALGK', 47, 61)]
E7EKJ7	MFTLKKTLLLLFFLGTINLSLC, 22	[('EEERNAEEERRDGDDEMDVEVKKR', 23, 46), ('FISGLIGGLMKALGK', 47, 61)]
E7EKM1	MFTLKKTLLLLFFLGTINLSLC, 22	[('EEERNAEEERRDGDDEMDVEVKKR', 23, 44), ('FITGLISGLMKALGK', 47, 61)]
F1T153	MFNMKKSLLLLFFLGTISLSLC, 22	[('EEERDADEDDGVEMTEEEVKR', 23, 43), ('SLLDTFKNLAVNAAKSAGVSVLNALSCKISRTC', 44, 76)]
F1T154	MFTMKKSLLVLFFLGTISLSLC, 22	[('QEERNADEEDGGEATEEEVKR', 23, 43), ('SFLTTFKDLAIKAAKSAGQSVLSTLSCKLSNTC', 44, 76)]
F1T155	MFTLKKSLLLLFFLGTISLSLC, 22	[('EEERDADEDEGEMTEEEVKR', 23, 42), ('SVLGTVKDLLIGAGKSAAQSVLTTLSCKLSNSC', 43, 75)]
F7UI86	MAFLKKSLFLVLFLGLVSLSIC, 22	[('EEEKRETEEEEHDQEEDDKSEEKR', 23, 46), ('FLSLIPHIVSGVASLAIHF', 47, 65)]
G3F828	MFTLKKPLLVLLFLGTVSLSLC, 22	[('EQERAADDDEGEVIEEEVKR', 23, 42), ('GFMDTAKQVAKNVAVTLIDKLRCKVTGGC', 43, 71)]
J7H8J4	MAFLKKSIFLALFLGMVSLSIC, 22	[('EEEKRENEGEEEQEDDEQSEMKR', 23, 45), ('GLWSTIKNVGKEAAIAAGKAALGALGEQ', 46, 73)]
K7ZGS2	MLTLKKSMLLLFFLGTINLSLC, 22	[('EQERDADEEERRDDDEMDVEVEKR', 23, 46), ('FLPLFLPKIICVITKKC', 47, 63)]
O93222	MAFLKKSLFLVLFLAIVPLSIC, 22	[('EEEKREEENEEKQEDDDQSEKR', 23, 44), ('GLVSGLLNTAGGLLGDLLGSLGSLSGGES', 45, 73)]
O93456	MSFLKKSLLLILFLGLVSLSIC, 22	[('EEQKREIEEDENENEEERNEASEMKR', 23, 48), ('YAFGYPSGEEKKIKRETEEDENENEEERNEASEMKR', 49, 84), ('YAFGYPSGEEKK', 85, 96), ('IKRETEEDENENEEERNEASEMKR', 97, 120), ('YAFGYPSGEEKK', 121, 132), ('IKRETEEDENENEEERNEGSEMKR', 133, 156), ('YAFGYPSGGAKR', 157, 168), ('MKRKPVEEEENHVAGSKMKR', 169, 188), ('YIFHLMDGEVKKI', 189, 195)]
P05222	MFKGILLCVLFAVLSANPLSQPEGFA, 26	[('DEERDVRGLASFLGKALKAGLKIGAHLLGGAPQQREANDERRFADDDDDVNERDVRGFASFLGKALKAALKIGANMLGGTPQQREANDERRFADDEDDVNERDVRGFGSFLGKALKAALKIGANALGGSPQQREANDERR', 27, 166), ('FADGQQDYTGWMDFGRR', 167, 183), ('NGEDD', 184, 188)]
P08947	MSAVPFTRVLLISGFLAHLLLSTFVTLTVC, 30	[('KEVTEESDDLSKRNVLQR', 31, 48), ('QLWAVGSFMGKK', 49, 60), ('SLENTNRRSDEDMEISALFRGSPLKVKRSD', 61, 90)]
P08948	MSAVPFTRVLLISGFLAHLLLSTFVTLTVC, 30	[('KEVTEESDDLSKRNVLQR', 31, 48), ('QLWAVGSLMGKK', 49, 60), ('SLENTNRRSDEDMEISALFRGSPLKVKRSD', 61, 90)]
P08950	MTTIPAIGILPIDFLTILLLFSFISHS, 27	[('VCVEFAEDAGELDKSNAFRR', 28, 47), ('QVPQWAVGHFMGKR', 48, 61), ('SLSDDTEQATMYSSRFVESTS', 62, 82)]
P0DTU1	MFPLKKSLLLLFFLATINLSLC, 22	[('EQERNAEEERRDEPDERNAEVEKR', 23, 46), ('FLPIVGKLLSGLSGLSGK', 47, 64)]
P56249	MHFLKKSIFLVLFLGLVSLSIC, 22	[('EKEKREDQNEEEVDENEEESEEKR', 23, 46), ('GLMSVLGHAVGNVLGGLFKPKS', 47, 68)]
P80282	MDILKKSLFLVLFLGLVSLSIC, 22	[('EEEKRENEDEEKQDDEQSEMKR', 23, 44), ('AMWKDVLKKIGTVALHAGKAALGAVADTISQGEQ', 45, 78)]
P80399	MFTLKKSLLLLFFLGTISLSLC, 22	[('EEERNADEEEKRDVEVEKR', 23, 41), ('FLGALFKVASKVLPSVFCAITKKC', 42, 65)]
P81485	MAFLKKSVFLVLFLGLVSLSIC, 22	[('EEEKREEENEEKQEDDEQSEEKR', 23, 45), ('ALWKNMLKGIGKLAGQAALGAVKTLVGAE', 46, 74)]
P81490	MAFLKKSLFLVLFLGLVSLSVC, 22	[('EEEKRENEDEMEQEDDEQSEEKR', 23, 45), ('ALWKDILKNAGKAALNEINQLVNQGEL', 46, 72)]
P84597	MDILKKSLFIVLFLGLVSLSIC, 22	[('EEEKRENEDEEEQEDDEQSEEKR', 23, 45), ('GLWKSLLKNVGVAAGKAALNAVTDMVNQGEQ', 46, 76)]
P85881	LKKSLFLVVFLGLATLSIC, 19	[('EEEKRETEEEEYNQGEDDKSEEKR', 20, 43), ('FLSLIPHAINAVSTLVHHF', 44, 62)]
P85883	MAFLKKSLFLVLFLGLVSLSIC, 22	[('EEEKRETEEEEYNQEDDDKSEEKR', 23, 46), ('FLSLIPTAINAVSALAKHF', 47, 65)]
P86037	MAFLKKSLFLVLFLGIVSLSIC, 22	[('EEEKREGEEEEKQEEENEELSEEELRERR', 23, 51), ('AWLDKLKSLGKVVGKVALGVAQNYLNPQQ', 52, 80)]
P86040	MAFLKKSLFLVLFLGIVSLSIC, 22	[('EEEKREGEEEEKQEEENEELSEEELRERR', 23, 51), ('ALLDKLKSLGKVVGKVALGVAQHYLNPQQ', 52, 80)]
Q0VZ41	MAFLKKSLFLVLFLGLVSLSIC, 22	[('EEEKRETEEEEYNQEDDDKSEEKR', 23, 46), ('FLSLIPTAINAVSALAKHF', 47, 65)]
Q17UY8	MAFLKKSLFLVLFLGMVSLSIC, 22	[('EEEKRENEDEEKQEDDEQSEMKR', 23, 45), ('GLWSTIKNVAAAAGKAALGALGEQ', 46, 69)]
Q1EN11	MAFLKKSLFLVLFLGLVSLSIC, 22	[('DEEKRENEDEENQEDDEQSEMRR', 23, 45), ('GLRSKIKEAAKTAGKMALGFVNDMAGEQ', 46, 73)]
Q1EN12	ASLKKSLFLVLFLGLVSLSIC, 21	[('EEEKRENEDEENQEDDEQSEMRR', 22, 44), ('GLWSKIKEAAKTAGKMAMGFVNDMVGEQ', 45, 72)]
Q1EN13	MAFLKKSLFLVLFLGMVSLSIC, 22	[('EEEKRENEDEEEQEDDEQSEEKR', 23, 45), ('ALWKTLLKGAGKVFGHVAKQFLGSQGQPES', 46, 75)]
Q1JS87	MFTLKKPLLLIVLLGIISLSLC, 22	[('EQERNADEDEESETKR', 23, 38), ('GIFTKINKKKAKTGVFNIIKTIGKEAGMDVIRAGIDTISCKIKGEC', 39, 84)]
Q1JS88	MFTLKKPLLLIVLLGIISLSLC, 22	[('EQERNADEDEESEIKR', 23, 38), ('GIFPKIIGKGIKTGIVNGIKSLVKGVGMKVFKAGLSNIGNTGCNEDEC', 39, 86)]
Q1JS89	MFTMKKSLLLLFFLGTISLSLC, 22	[('EEERGADEEEGDGEKLMKR', 23, 41), ('GLFSILKGVGKIAIKGLGKNLGKMGLDLVSCKISKEC', 42, 78)]
Q1JS90	MFTLKKSFLLLFFLGTITLSLC, 22	[('EEERGADDDDGEEEVKR', 23, 39), ('GIMDTVKGVAKTVAASLLDKLKCKITGC', 40, 67)]
Q1JS91	MFTLKKSLLLLFFLGTINLSLC, 22	[('EEERDADEEERRDDPDEMNVEVEKR', 23, 47), ('FLPLVGKILSGLIGK', 48, 62)]
Q1JS92	MFTLKKSFLLLFFLGTITLSLC, 22	[('EQERGADEDDGVEMTEEEVKR', 23, 43), ('GLLDTIKNTAKNLAVGLLDKIKCKMTGC', 44, 71)]
Q1JS93	MFTLKKSLLLLFFLGTINLSLC, 22	[('EEERNAEEERRDEPDEMNVEVEKR', 23, 46), ('FLPLIAGLAANFLPKIFCAITKKC', 47, 70)]
Q1JS94	MFTMKKSLLLLFFLGTISLSLC, 22	[('EEERGADEEEGDGEKLTKR', 23, 41), ('ALSILRGLEKLAKMGIALTNCKATKKC', 42, 68)]
Q2UXR1	MFTMKKSLLVLFFLGTISLSLC, 22	[('VEERDADEEDNGEVEEVKR', 23, 41), ('GVFTLIKGATQLIGKTLGKELGKTGLELMACKITNQC', 42, 78)]
Q2UXR2	MFTLKKSLLLLFFLGTISLSLC, 22	[('EEERDADEDEGEMTEEEVKR', 23, 42), ('SVLGTVKDLLIGAGKSAAQSVLTALSCKLSNSC', 43, 75)]
Q2UXR3	MFTLKKSLLLLFFLGTISLSLC, 22	[('QEERNADEEDGGEVTEEEVKR', 23, 43), ('SFLDTLKNLAISAAKGAGQSVLSTLSCKLSKTC', 44, 76)]
Q2UXR4	MFTLKKSLLLLFFLGTINLSLC, 22	[('QEERNADEEERRDERNVEVEKR', 23, 44), ('ILPFVAGVAAEMMQHVYCAASKKC', 45, 68)]
Q2WCN5	MLTLKKSMLLIFFLGTINFSLC, 22	[('EQERNADEEERRDEPEERDVEVQKR', 23, 47), ('ILPFLAGLFSKILGK', 48, 62)]
Q2WCN6	MFTLKKSLLLVFFLGTISLSLC, 22	[('EDERNADEDDGEMTEEVRR', 23, 41), ('GLMDSLKGLAATAGKTVLQGLLKTASCKLEKTC', 42, 74)]
Q2WCN7	MFTMKKSLLFFFFLGTIALSLC, 22	[('EEERGADEEENGAEITDEEVKR', 23, 44), ('GILLNTLKGAAKNVAGVLLDKLKCKITGGC', 45, 74)]
Q2WCN8	MFTMKKSLLLVFFLGTIALSLC, 22	[('EEERGADDDNGGEITDEEIKR', 23, 43), ('GILTDTLKGAAKNVAGVLLDKLKCKITGGC', 44, 73)]
Q571V4	MHFLKKSIFLVLFLGLVSLSIC, 22	[('EKEKREDQNEEEVDENEEASEEKR', 23, 46), ('GLMSILGKVAGNVLGGLFKPKENVQKM', 47, 73)]
Q571V6	MAFLKKSLFLVLFLGLVSLSIC, 22	[('EKEKKEQEDEDENEEEKESEEGSEEKR', 23, 49), ('GLLDTLGGILGLGR', 50, 63)]
Q58T39	MNFKYIVAVSFLIASAYA, 18	[('RSVQNDEQSLSQRDVLEEESLREIR', 19, 43), ('GIGGALLSAGKSALKGLAKGLAEHFASGKR', 44, 73), ('TAEDHEVMKRLEAVMRDLDSLDYPEEATERETRGFNQEEIANLFTKKEKR', 74, 123), ('ILGPVLGLVGNALGGLLKNL', 124, 143)]
Q58T51	MNFKYIVAVSFLIASAYA, 18	[('RSEENDEQSLSQRDVLEEESLREIR', 19, 43), ('GIGTKIIGGLKTAVKGALKELASTYVNGKR', 44, 73), ('TAEDHEVMKRLEAVMRDLDSLDYPEEASERETRGFNQEEIANLFTKKEKR', 74, 123), ('ILGPVLGLVGSALGGLIKKI', 124, 143)]
Q58T56	MKFKYIVAVSFLIASAYA, 18	[('RSEENDEQSLSQRDVLEEESLREIR', 19, 43), ('GIGTKILGGLKTAVKGALKELASTYVNGKR', 44, 73), ('TAEDHEVMKRLEAVMRDLDSLDYPEEASERETRGFNQEEIANLFTKKEKR', 74, 123), ('ILGPVIKTIGGVIGGLLKNL', 124, 143)]
Q58T58	MNFKYIVAVSFLIASAYA, 18	[('RSEENDEQSLSQRDVLEEESLREIR', 19, 43), ('GIGAKILGGVKTALKGALKELASTYVNGKR', 44, 73), ('TAEDHEVMKRLEAVMRDLDSLDYPEEAAERETRGFNQEEIANLFTKKEKR', 74, 123), ('ILGPVIKTIGGVLGGLLKNL', 124, 143)]
Q58T59	MNFKYIVAVSFLIASAYA, 18	[('RSVKNDEQSLSQRDVLDEESLREIR', 19, 43), ('GIGGALLSAGKSALKGLAKGLAEHFANGKR', 44, 73), ('TAEDHEVMKRLEAVMRDLDSLDHPEEASERETRGFNQEEIANRFTKKEKR', 74, 123), ('ILGPVLGLVSNALGGLLKNL', 124, 143)]
Q58T72	MNFKYIVAVSFLIASAYA, 18	[('RSEENDEQSLSQRDILEEESLREIR', 19, 43), ('GIGAKILGGVKTALKGALKELASTYVNGKR', 44, 73), ('TAEDHEVMKRLEAVMRDLDSLDYPEEAAERETRGFNQEEIANLFTKKEKR', 74, 123), ('ILGPVIGTIGNVLGGLLKNL', 124, 143)]
Q58T93	MNFKYIVAVSFLIASGYA, 18	[('RSVKNDEQSLSQREVLEEESLREIR', 19, 43), ('GIGGALLSVGKSALKGLAKGFAEHFGKR', 44, 71), ('TAEDHEVMKRLEAVIRDLDSLDHPEEASEREARGFNQEEIANLFTKKDKR', 72, 121), ('ILGPVLSLVGNALGGLIKKI', 122, 141)]
Q58T95	MNFKYIVAVSFLITSGYA, 18	[('ESVKNDEQSLSQRDVLEEESLREIR', 19, 43), ('GIGGALLSVGKSALKGLAKGFAEHFGKR', 44, 71), ('SAEDHEVMKRLEAVIRDLDSLDHPEEASERETRGFNQEEIANLFTKKEKR', 72, 121), ('ILGPVLGLVGSALGGLIKKI', 122, 141)]
Q5DVA5	MAFLKKSLFLILFLGLVPLSFC, 22	[('ENDKREGENEEEQDDDQSEEKR', 23, 44), ('ALGTLLKGVGSAVATVGKMVADQFGKLLQAGQ', 45, 76)]
Q5DVA6	MVFLKKSLLLVLFVGLVSLSIC, 22	[('EENKREEHEEVEENAEKAEEKR', 23, 44), ('GWMSKIASGIGTFLSGVQQ', 45, 63)]
Q7T3K8	MDILKKSLFLVLFLGLISLSFC, 22	[('EEEKRENEDEEEQEDDEQSEEKR', 23, 45), ('GLWKSLLKNVGKAAGKAALNAVTDMVNQGEQ', 46, 76)]
Q7T3K9	MDILKKSLFFILFLGLVSLSIS, 22	[('EEEKRENEDEEDQEDDEQSEEKR', 23, 45), ('GLWSKIKTAGKEAAKAAAKAAGKAALNAVSEAIGEQ', 46, 81)]
Q800R3	MAFLKKSLFLVLFLGLVSLSIC, 22	[('EEEKRETEEKEYDQGEDDKSEEKR', 23, 46), ('FLSLIPHIVSGVAALAKHL', 47, 65)]
Q800R9	MASLKKSLFLVLFLGFVSVSIC, 22	[('EEEKRQEDEDEHEEEGENQEEGSEEKR', 23, 49), ('GLFSVLGSVAKHVVPRVVPVIAEHL', 50, 74)]
Q800S1	MAFLKKSLLLVLFLALVPLSIC, 22	[('EEEKREEEDEEKQEDDDQSENKR', 23, 45), ('GLLSGILNSAGGLLGNLIGSLSNGES', 46, 71)]
Q800S2	MAFLKKSLLLVLFLGLVSLSIC, 22	[('EEEKRENEDEEKQEDDDQSENKR', 23, 45), ('GLLSGILNTAGGLLGNLIGSLSNGES', 46, 71)]
Q8QFQ4	MFTMKKSLLLFFFLGTISLS, 20	[('LCEQERGADEDDGVEITEEEVKR', 21, 45), ('GLMDTVKNVAKNLAGHMLDKLKCKITGC', 46, 71)]
Q8QFQ5	MFTLNKFLLLLFFLGTINLS, 20	[('FCEEENAEEERIDEPDETDVEVEKR', 21, 45), ('FLPIIAGIAAKVFPKIFCAISKKC', 46, 69)]
A6MWS8	MKIIVFLAVLMLVSA, 15	[('QVCLVSAAEMEHSSDNELSSRDLVKR', 16, 41), ('FPLPSCVYTRTCGKR', 42, 56), ('DIESSEGANGGE', 57, 68)]
A6MWT0	MKIIVVLAVLMLVSA, 15	[('QVCLVSAAEMGHSSDNELSSRDLVKR', 16, 41), ('FFLPPCAHKGTCGKR', 42, 56), ('SIESSEGANGGE', 57, 68)]
A8B5P7	MFTLKKTLLLLFFLGTISISLC, 22	[('KQARDADEDDGRKMTEEEVKR', 23, 43), ('SIITMTREAKLPQLWKQIACRLYNTC', 44, 69)]
A8B5Q0	MFTLKKTLLLLFFLGTISISLC, 22	[('KQERDADEDDGRKMTEEEVKR', 23, 43), ('SIITTTKEAKLPQLWKQIACRLYNTC', 44, 69)]
B3VZU1	MFTLKKSLLILFFLGTINFSLC, 22	[('EEERNAEEERRDDPEERDVEVEKR', 23, 46), ('FLPLLLAGLPKLLCFLFKKC', 47, 66)]
B3VZU3	MFPLKKSLLLLFFLGTINFSFC, 22	[('EEERNAEEERRDDPEERDVAMEKR', 23, 46), ('VLPLVGNLLNDLLGK', 47, 61)]
B3VZU5	MFTLKKSMLLLLFLGTISLTLC, 22	[('EEERDANEEEENGGEVKEEEKR', 23, 44), ('FIGPLISALASLFKG', 45, 59)]
B3VZU6	MFTLKKSMLLLLFLGTISLTLC, 22	[('EEERDANEEEENGGEVKVEEKR', 23, 44), ('FIGPIISALASLFGG', 45, 59)]
B5A9T0	MFTLKKSLLLLFFLGTISLSLC, 22	[('EEERNADDDERRDDPDEMDVEVENR', 23, 47), ('SAVGRHSRRFGLRKHRKH', 48, 65)]
B5LUQ5	MASLKKFLFLVLFLGMVSLSIC, 22	[('DKEKREGENEEEEEEHEEESEEKR', 23, 46), ('GLFSFLPKVIGVIGPLIHPPS', 47, 67)]
C5H0C8	MFTLKKSLLLLFFLGTISLSLC, 22	[('EQERGADEEENGGEVTEQEVKR', 23, 44), ('NVLSSVANGINRALSFFG', 45, 62)]
D5GRW4	MFTLKKSLLLLFFLGTINLSLC, 22	[('EQERDAEEERRDGTDESDVEVEKR', 23, 46), ('FLPALAGIAGLLGKIFGK', 47, 64)]
E1AWD2	MFTLKKSLLLLFFLGTINLSLC, 22	[('EQERNAEEERRDDSDKRDVEVEKR', 23, 46), ('FLSTLLNVASNVVPTLICKITKKC', 47, 70)]
E1AWD3	MFTLKKSLLLLFFLGTINLSLC, 22	[('EQERNADEEERRDDSDKRDVEVEKR', 23, 47), ('FLSTLLNVASKVVPTLFCKITKKC', 48, 71)]
E1AWE0	MFTMKKPLLLLFFLATINLSLC, 22	[('EQERNAEEERRDEPDERNAEVEKR', 23, 46), ('FLPIVGKLLSGLFGK', 47, 61)]
E1AXF9	MFTLKKSLLLLFFLGTISLSLC, 22	[('EQERGADEEENGGEVTEEEVKR', 23, 44), ('NILSGIANGINRVLSWFG', 45, 62)]
E1B228	MFTLKKSLLLLFFLGTINLSLC, 22	[('EQERNAEEERRDDDEMDVEVEKR', 23, 45), ('FLPMLAGLAANFLPKIVCKITKKC', 46, 69)]
E1B243	MFTLKKSMLLLFFLGTISLSLC, 22	[('EEERNADEDDGEKEVKR', 23, 39), ('GIFALIKTAAKFVGKNLLRQAGKAGLEHLACKANNQC', 40, 76)]
E1B247	MFTLKKPLLLLFFLATINLSLC, 22	[('EQERNAEEERRDEPDERNAEVEKR', 23, 46), ('FLPIVGKLLSLFGK', 47, 60)]
E1B248	MFTLKKPLLLLFFLGTINLSLC, 22	[('EQERNAEEERRDEPDERNAEVEKR', 23, 46), ('FLPIVGKLLSGLLGK', 47, 61)]
E7EKD6	MFSMKKSLLLLFFLGTISLSLC, 22	[('EQERDAEEEEGSENGAEDIKINR', 23, 45), ('VVKCSYRPGSPDSRCK', 46, 61)]
E7EKD9	MFTTKKPLLLLFFLGIISLSVC, 22	[('EQERDADEEDGGEVTEEEVKR', 23, 43), ('AALKGCWTKSIPPKPCFGKR', 44, 63)]
O93221	MAFLKKSLFLVLFLGLVPLFLC, 22	[('ENEKREGENEKEENDDQSEEKR', 23, 44), ('SLGSFMKGVGKGLATVGKIVADQFGKLLEAGQ', 45, 76)]
O93223	MAFLKKSLFLVLLLGLISLSIC, 22	[('EEEKRENEVEEEQEDDEQSELRR', 23, 45), ('SLWSKIKEMAATAGKAALNAVTGMVNQGEQ', 46, 75)]
O93224	MAFLKKSLFLVLFLGMVSLSIC, 22	[('EEEKREEENEQEDDEQSEEKR', 23, 43), ('GMFTNMLKGIGKLAGQAALGAVKTLAGEA', 44, 72]
O93225	MAFLKKSLFLVLFLGLVSLSIC, 22	[('DEEKRENEDEEEQEDDEQSEEKR', 23, 45), ('GMWGSLLKGVATVVKHVLPHALSSQQS', 46, 72)]
O93226	MAFLKKSLFLVLFLGLVSLSIC, 22	[('EEEKRENEDEEEQEDDEQSEMKR', 23, 45), ('GMWSTIRNVGKSAAKAANLPAKAALGAISEAVGEQ', 46, 80)]
O93451	MAFLKKSLFLVLFLGLVPLFLC, 22	[('ENEKREGENEKEENDDQSEEKR', 23, 44), ('SLGSFMKGVGKGLATVGKIVADQFGKLLEAGK', 45, 76), ('G', 77, 77)]
O93452	MALVKKSLFLVLFLGLVSLSIC, 22	[('EEKRENEDEEEQEDDEQSEEKR', 23, 44), ('ALWKTLLKKVGKVAGKAVLNAVTNMANQNEQ', 45, 75)]
O93453	MAFLKKSLFLVLFLGLVSLSIC, 22	[('EEKRENEDEEEQEDDEQSEEKR', 23, 44), ('GMWSKIKNAGKAAAKASKKAAGKAALGAVSEALGEQ', 45, 80)]
O93455	MSFMKKSLLLVLFLGVVSLSNC, 22	[('EEEKGENENEDHEEHHEEKR', 23, 42), ('LLGDLLGQTSKLVNDLTDTVGSIV', 43, 66)]
P21591	MSAIPLNRILPLGFLFHLLIFSFISLSSC, 29	[('MEFVEDPNNQGRISLQQR', 30, 47), ('QQRLGNQWAVGHLMGKK', 45, 61), ('SLQDTDFEEMESFAKRNVENMRAALLQEQNRAESERELRHAQLVVRNILEQYLKNMQN', 62, 119)]
P40842	MFTMKKSLLLIFFLGTISLSLC, 22	[('QEERNADDDDGEMTEEEKR', 23, 41), ('GIMDTLKNLAKTAGKGALQSLVKMASCKLSGQC', 42, 74)]
P40844	MFTLKKPLLLIVLLGMISLSLC, 22	[('EQERNADEEEGSEIKR', 23, 38), ('GIFSKLAGKKLKNLLISGLKNVGKEVGMDVVRTGIDIAGCKIKGEC', 39, 84)]
P81488	MAFLKKSLFLVLFLGLVSLSVC, 22	[('EEEKRENEDEEEQEDDEQSEEKR', 23, 45), ('ALWKTIIKGAGKMIGSLAKNLLGSQAQPESEQ', 46, 77)]
P82268	MFTMKKSLLLFFFLGTISLSLC, 22	[('QEERNADEDDGEMTEEEKR', 23, 41), ('GILDTLKNLAKTAGKGILKSLVNTASCKLSGQC', 42, 74)]
P82269	MFTMKKSLLLFFFLGTISLSLC, 22	[('QEERNADEDDGEMTEEEKR', 23, 41), ('GILDTLKHLAKTAGKGALQSLLNHASCKLSGQC', 42, 74)]
P86038	MAFLKKSLFLVLFLGIVSLSIC, 22	[('EEEKREGEEEEKQEEENEELSEEELRERR', 23, 51), ('AWLDKLKSIGKVVGKVAIGVAKNLLNPQ', 52, 79)]
P86039	MAFLKKSLFLVLFLGIVSLSIC, 22	[('EEEKREGEEEEKQEEENEELSEEELRERR', 23, 51), ('ALLDKLKSLGKVVGKVALGVVQNYLNPRQ', 52, 80)]
P86185	MAFLKKSLFLVLFLGIVSLSIC, 22	[('EEEKRVGEEEEKQEEENEELSEEELRERR', 23, 51), ('AWLDKLKSLGKVVGKVAIGVAQHYLNPQQ', 52, 80)]
P86186	MAFLKKSLFLVLFLGIVSLSIC, 22	[('EEEKREGEEEEKQEEENEELSEEELRDRR', 23, 51), ('AWLDKLKSLGKVVGKVGLGVVQNYLNPRQ', 52, 80)]
P86187	MAFLKKSLFLVLFLGIVSLSIC, 22	[('EEEKREGEEEEKQEEENEELSEEELREKR', 23, 51), ('AWLDKLKNLGKVVGKVALGVVQNYLNPRQ', 52, 80)]
P86188	MAFLKKSLFLVLFLGIVSLSIC, 22	[('EEEKREGEEEEKQEEENEELSEEELRERR', 23, 51), ('ALLDKLKSLGKVVGKVAIGVAQHYLNPQQ', 52, 80)]
P86189	MAFLKKSLFLVLFLGIVSLSIC, 22	[('EEEKREGEEEEKQEEENEELSEEELRERR', 23, 51), ('ALLDKLKSLGKVVGKVAIGVAQHYLNPQ', 52, 79)]
Q06B79	MFTLKKSLLLIFFLGTINLSLC, 22	[('EEERNADEEERRDDPEERDVEVEKR', 23, 47), ('FLSLALAALPKFLCLVFKKC', 48, 67)]
Q0VKG9	LKKSLFLVLFLGLVSLSIC, 19	[('EEEKRETEEKENEQEDDKSEEKR', 20, 42), ('LLSLVPHAINAVSAIAKHF', 43, 61)]
Q17UZ0	LKKSLFLVTFLALVPLFLC, 19	[('EEEKREEENEERQDDDQSEEKR', 20, 41), ('NLVSALIEGRKYLKNVLKKLNRLKEKNKAKNSKENN', 42, 77)]
Q2UXV8	MFTLKKSLLLLFFLGTINLSLC, 22	[('EQERDADEEERRDDSEERDIEVEKR', 23, 47), ('FLPLIASVAANLVPKIFCKITKKC', 48, 71)]
Q2UXV9	MFTLKKSLLLLFFLGTINLSLC, 22	[('EEERNAEEERRDDPEERDVEVEKR', 23, 46), ('FFPAILRVAAKVGPAVLCAITKKC', 47, 70)]
Q2UXW0	MFTLKKSLLVLFFLGTINLSLC, 22	[('EEERSADEEERRDEPNEMDVDVEKR', 23, 47), ('FLPALIGIAAKALPSLLCKITKKC', 48, 71)]
Q58T89	MNFKYIVAVSFLIASGYA, 18	[('RSEENDVQSLSQREVLEEETLREIR', 19, 43), ('GIGGALLSAGKSALKGLAKGLAEHFANGKR', 44, 73), ('TAKGHEVMKRLEAVMRDLDSLDHPEEASERETRGFNQEEIANLFTKKEKR', 74, 123), ('ILGPVLSLVGSALGGLIKKI', 124, 143)]
Q58T90	MNFKYIVAVSFLIASGYA, 18	[('RSEENDVQSLSQREVLEEESLREIR', 19, 43), ('GIGGALLSAGKSALKGLAKGLVEHFANGKR', 44, 73), ('TAEDHEVMKRLKAVMRDLDSLDHPEEASERETRGFNQEEIANLFTKKEKR', 74, 123), ('ILGPVLSLVGSALGGLIKKI', 124, 143)]
Q58T91	MNFKYIVAVSFLIASGYA, 18	[('RSEENDVQSLSQREVLEEESLREIR', 19, 43), ('GIGGALLSAGKSALKGLAKGFAEHFGKR', 44, 71), ('TAEDHEVMKRLEAVMRDLDSLDHPEEASERETRGFNQEEIANLFTKKEKR', 72, 121), ('ILGPVLSLVGSALGGLIKKI', 122, 141)]
Q58T92	MIFKYIVAVSFLIASGYA, 18	[('RSVKNDEQSLSQREVLEEESLREIR', 19, 43), ('GIGGALLSVGKSALKGLAKGFAEHFGKR', 44, 71), ('TAEDHEVMKRLEAVIRDLDSLDHSEEASERETRGFNQEEIANLFTKKEKR', 72, 121), ('ILGPVLGLVSNAIGGLIKKI', 122, 141)]
Q58T94	MNFKYIVAVSFLITSGYA, 18	[('RSVKNDEQSLSQRDVLEEESLREIR', 19, 43), ('GIGGALLSAGKAALKGLAKGFAEHFGKR', 44, 71), ('TAEDHEVMKRLEAVMRDLDSLDHPEEASERETRGFNQEEIANLFTKKEKR', 72, 121), ('ILGPVLSLVGSALGGLIKKI', 122, 141)]
Q8QFQ3	MFTLKKSLLLLFFLGTISLS, 20	[('LCQREADDDQGEVQQEVKR', 21, 39), ('GFLSTVKNLATNVAGTVIDTIKCKVTGGCRK', 40, 70)]
Q90ZK3	MASLKKSLFLVLFLGLVSLSIC, 22	[('EEEKRENEDEEEQEDDEQSEMK', 23, 44), ('GLWSNIKTAGKEAAKAALKAAGKAALGAVTDAVGEQ', 46, 81)]
Q90ZK5	MAFLKKSLFLVLFLGLVSLSIC, 22	[('EEEKRENEDEEEQEDDEQSEMKR', 23, 45), ('GLWSKIKEAGKAALTAAGKAALGAVSDAVGEQ', 46, 74)]
U3UBT3	MAFLKKSLFLVLFLGLVSLSIC, 22	[('EEEKRETEEEEHDQEEDDKSEEKR', 23, 46), ('FLSLIPHIVSGVASIAKHL', 47, 65)]